"Time(s)","Distance(m)","L_LATITUDE(deg)","L_LONGITUDE(deg)"
"0.000","0","1016.0","3052.8"
"0.100","1","1016.0","3052.8"
"0.200","2","1029.7","3044.1"
"0.300","2","1029.7","3044.1"
"0.400","3","1041.8","3031.8"
"0.500","4","1041.8","3031.8"
"0.600","5","1052.4","3016.6"
"0.700","6","1052.4","3016.6"
"0.800","7","1061.6","2999.2"
"0.900","8","1061.6","2999.2"
"1.000","8","1069.6","2980.0"
"1.100","9","1069.6","2980.0"
"1.200","10","1077.1","2959.6"
"1.300","11","1077.1","2959.6"
"1.400","12","1083.8","2937.7"
"1.500","13","1083.8","2937.7"
"1.600","14","1089.2","2914.4"
"1.700","15","1089.2","2914.4"
"1.800","16","1092.3","2889.8"
"1.900","17","1092.3","2889.8"
"2.000","18","1093.1","2864.4"
"2.100","19","1093.1","2864.4"
"2.200","20","1091.4","2838.6"
"2.300","21","1091.4","2838.6"
"2.400","22","1087.1","2812.8"
"2.500","23","1087.1","2812.8"
"2.600","24","1080.4","2787.6"
"2.700","26","1080.4","2787.6"
"2.800","27","1071.2","2763.1"
"2.900","28","1071.2","2763.1"
"3.000","29","1059.6","2739.7"
"3.100","30","1059.6","2739.7"
"3.200","31","1045.8","2717.6"
"3.300","32","1045.8","2717.6"
"3.400","33","1029.9","2697.5"
"3.500","34","1029.9","2697.5"
"3.600","36","1012.0","2679.5"
"3.700","37","1012.0","2679.5"
"3.800","38","992.2","2664.1"
"3.900","39","992.2","2664.1"
"4.000","40","970.7","2652.3"
"4.100","41","970.7","2652.3"
"4.200","43","947.9","2644.2"
"4.300","44","947.9","2644.2"
"4.400","45","924.2","2640.3"
"4.500","46","924.2","2640.3"
"4.600","48","900.1","2641.2"
"4.700","49","900.1","2641.2"
"4.800","50","875.9","2646.7"
"4.900","51","875.9","2646.7"
"5.000","52","852.0","2656.4"
"5.100","54","852.0","2656.4"
"5.200","55","828.7","2670.4"
"5.300","56","828.7","2670.4"
"5.400","57","806.3","2687.4"
"5.500","59","806.3","2687.4"
"5.600","60","783.7","2704.0"
"5.700","61","783.7","2704.0"
"5.800","63","760.4","2717.0"
"5.900","64","760.4","2717.0"
"6.000","65","736.5","2726.2"
"6.100","67","736.5","2726.2"
"6.200","68","712.4","2731.4"
"6.300","70","712.4","2731.4"
"6.400","71","688.7","2730.8"
"6.500","73","688.7","2730.8"
"6.600","74","666.3","2724.1"
"6.700","76","666.3","2724.1"
"6.800","77","645.7","2712.3"
"6.900","78","645.7","2712.3"
"7.000","80","628.0","2695.3"
"7.100","81","628.0","2695.3"
"7.200","82","613.6","2674.0"
"7.300","84","613.6","2674.0"
"7.400","85","602.5","2649.5"
"7.500","86","602.5","2649.5"
"7.600","88","594.0","2622.9"
"7.700","89","594.0","2622.9"
"7.800","90","585.7","2595.7"
"7.900","92","585.7","2595.7"
"8.000","93","575.0","2570.1"
"8.100","94","575.0","2570.1"
"8.200","96","561.0","2547.9"
"8.300","97","561.0","2547.9"
"8.400","98","544.2","2530.6"
"8.500","99","544.2","2530.6"
"8.600","100","525.3","2518.6"
"8.700","101","525.3","2518.6"
"8.800","103","504.9","2511.9"
"8.900","104","504.9","2511.9"
"9.000","105","483.5","2510.1"
"9.100","106","483.5","2510.1"
"9.200","107","461.6","2512.6"
"9.300","108","461.6","2512.6"
"9.400","109","439.4","2518.4"
"9.500","110","439.4","2518.4"
"9.600","111","416.5","2525.8"
"9.700","112","416.5","2525.8"
"9.800","113","392.7","2533.6"
"9.900","114","392.7","2533.6"
"10.000","116","367.7","2540.3"
"10.100","117","367.7","2540.3"
"10.200","118","341.7","2544.8"
"10.300","120","341.7","2544.8"
"10.400","121","314.7","2546.8"
"10.500","122","314.7","2546.8"
"10.600","124","286.8","2546.1"
"10.700","126","286.8","2546.1"
"10.800","127","258.1","2542.6"
"10.900","129","258.1","2542.6"
"11.000","130","228.9","2536.8"
"11.100","132","228.9","2536.8"
"11.200","134","199.0","2529.5"
"11.300","136","199.0","2529.5"
"11.400","137","168.4","2521.5"
"11.500","139","168.4","2521.5"
"11.600","141","137.2","2512.8"
"11.700","143","137.2","2512.8"
"11.800","144","105.3","2503.4"
"11.900","146","105.3","2503.4"
"12.000","148","72.9","2493.3"
"12.100","150","72.9","2493.3"
"12.200","152","40.0","2482.5"
"12.300","154","40.0","2482.5"
"12.400","156","6.7","2470.8"
"12.500","158","6.7","2470.8"
"12.600","159","-26.8","2457.8"
"12.700","161","-26.8","2457.8"
"12.800","163","-60.4","2443.5"
"12.900","165","-60.4","2443.5"
"13.000","167","-94.0","2427.2"
"13.100","169","-94.0","2427.2"
"13.200","171","-127.1","2408.2"
"13.300","173","-127.1","2408.2"
"13.400","175","-159.6","2386.5"
"13.500","177","-159.6","2386.5"
"13.600","179","-191.5","2362.2"
"13.700","182","-191.5","2362.2"
"13.800","184","-222.6","2336.6"
"13.900","186","-222.6","2336.6"
"14.000","188","-252.8","2310.7"
"14.100","190","-252.8","2310.7"
"14.200","192","-282.0","2284.7"
"14.300","194","-282.0","2284.7"
"14.400","196","-310.9","2259.9"
"14.500","198","-310.9","2259.9"
"14.600","199","-340.0","2237.5"
"14.700","201","-340.0","2237.5"
"14.800","203","-369.8","2219.1"
"14.900","205","-369.8","2219.1"
"15.000","207","-400.3","2206.2"
"15.100","208","-400.3","2206.2"
"15.200","210","-431.3","2198.9"
"15.300","212","-431.3","2198.9"
"15.400","214","-462.6","2196.4"
"15.500","215","-462.6","2196.4"
"15.600","217","-493.9","2199.1"
"15.700","219","-493.9","2199.1"
"15.800","221","-524.4","2207.6"
"15.900","222","-524.4","2207.6"
"16.000","224","-553.5","2221.7"
"16.100","226","-553.5","2221.7"
"16.200","227","-580.7","2240.8"
"16.300","229","-580.7","2240.8"
"16.400","231","-605.7","2263.7"
"16.500","232","-605.7","2263.7"
"16.600","234","-629.9","2286.7"
"16.700","236","-629.9","2286.7"
"16.800","238","-654.5","2306.1"
"16.900","239","-654.5","2306.1"
"17.000","241","-679.8","2321.4"
"17.100","242","-679.8","2321.4"
"17.200","244","-705.7","2332.1"
"17.300","246","-705.7","2332.1"
"17.400","247","-732.0","2337.2"
"17.500","249","-732.0","2337.2"
"17.600","250","-758.0","2336.3"
"17.700","252","-758.0","2336.3"
"17.800","253","-783.1","2329.3"
"17.900","255","-783.1","2329.3"
"18.000","256","-806.9","2316.7"
"18.100","258","-806.9","2316.7"
"18.200","259","-828.7","2298.7"
"18.300","261","-828.7","2298.7"
"18.400","262","-848.0","2276.1"
"18.500","264","-848.0","2276.1"
"18.600","265","-865.1","2250.0"
"18.700","267","-865.1","2250.0"
"18.800","268","-880.2","2221.3"
"18.900","270","-880.2","2221.3"
"19.000","272","-893.7","2190.8"
"19.100","273","-893.7","2190.8"
"19.200","275","-907.0","2160.8"
"19.300","276","-907.0","2160.8"
"19.400","278","-922.5","2133.5"
"19.500","279","-922.5","2133.5"
"19.600","281","-940.6","2109.9"
"19.700","282","-940.6","2109.9"
"19.800","284","-961.1","2090.4"
"19.900","285","-961.1","2090.4"
"20.000","286","-983.4","2075.9"
"20.100","288","-983.4","2075.9"
"20.200","289","-1007.0","2067.3"
"20.300","290","-1007.0","2067.3"
"20.400","292","-1031.2","2064.4"
"20.500","293","-1031.2","2064.4"
"20.600","294","-1055.2","2065.9"
"20.700","295","-1055.2","2065.9"
"20.800","297","-1078.8","2066.6"
"20.900","298","-1078.8","2066.6"
"21.000","299","-1101.6","2062.0"
"21.100","300","-1101.6","2062.0"
"21.200","302","-1123.1","2052.2"
"21.300","303","-1123.1","2052.2"
"21.400","304","-1142.4","2037.4"
"21.500","305","-1142.4","2037.4"
"21.600","307","-1159.9","2019.6"
"21.700","308","-1159.9","2019.6"
"21.800","309","-1177.9","2003.0"
"21.900","310","-1177.9","2003.0"
"22.000","312","-1197.3","1990.7"
"22.100","313","-1197.3","1990.7"
"22.200","314","-1217.8","1984.1"
"22.300","315","-1217.8","1984.1"
"22.400","316","-1238.7","1983.3"
"22.500","317","-1238.7","1983.3"
"22.600","318","-1259.4","1986.7"
"22.700","319","-1259.4","1986.7"
"22.800","320","-1280.1","1989.3"
"22.900","321","-1280.1","1989.3"
"23.000","322","-1300.8","1987.1"
"23.100","323","-1300.8","1987.1"
"23.200","324","-1320.7","1979.5"
"23.300","325","-1320.7","1979.5"
"23.400","326","-1339.1","1966.7"
"23.500","328","-1339.1","1966.7"
"23.600","329","-1355.3","1949.8"
"23.700","330","-1355.3","1949.8"
"23.800","331","-1371.8","1933.2"
"23.900","332","-1371.8","1933.2"
"24.000","334","-1390.2","1921.5"
"24.100","335","-1390.2","1921.5"
"24.200","336","-1409.8","1914.7"
"24.300","337","-1409.8","1914.7"
"24.400","338","-1430.3","1912.4"
"24.500","339","-1430.3","1912.4"
"24.600","340","-1451.3","1913.6"
"24.700","341","-1451.3","1913.6"
"24.800","342","-1472.8","1916.0"
"24.900","343","-1472.8","1916.0"
"25.000","344","-1495.3","1917.8"
"25.100","345","-1495.3","1917.8"
"25.200","346","-1518.6","1918.1"
"25.300","347","-1518.6","1918.1"
"25.400","349","-1542.9","1916.7"
"25.500","350","-1542.9","1916.7"
"25.600","351","-1568.0","1913.9"
"25.700","353","-1568.0","1913.9"
"25.800","354","-1593.8","1909.6"
"25.900","355","-1593.8","1909.6"
"26.000","357","-1620.3","1903.7"
"26.100","358","-1620.3","1903.7"
"26.200","360","-1647.6","1896.4"
"26.300","362","-1647.6","1896.4"
"26.400","363","-1675.4","1888.1"
"26.500","365","-1675.4","1888.1"
"26.600","366","-1704.0","1879.2"
"26.700","368","-1704.0","1879.2"
"26.800","370","-1733.3","1869.9"
"26.900","371","-1733.3","1869.9"
"27.000","373","-1763.3","1860.2"
"27.100","375","-1763.3","1860.2"
"27.200","377","-1793.9","1850.1"
"27.300","378","-1793.9","1850.1"
"27.400","380","-1825.2","1839.8"
"27.500","382","-1825.2","1839.8"
"27.600","384","-1857.1","1829.5"
"27.700","386","-1857.1","1829.5"
"27.800","387","-1889.6","1818.9"
"27.900","389","-1889.6","1818.9"
"28.000","391","-1922.6","1807.7"
"28.100","393","-1922.6","1807.7"
"28.200","395","-1955.9","1795.8"
"28.300","397","-1955.9","1795.8"
"28.400","399","-1989.5","1783.0"
"28.500","401","-1989.5","1783.0"
"28.600","403","-2023.2","1769.2"
"28.700","405","-2023.2","1769.2"
"28.800","407","-2056.9","1754.5"
"28.900","409","-2056.9","1754.5"
"29.000","411","-2089.7","1739.5"
"29.100","413","-2089.7","1739.5"
"29.200","415","-2121.2","1724.4"
"29.300","416","-2121.2","1724.4"
"29.400","418","-2151.6","1709.7"
"29.500","420","-2151.6","1709.7"
"29.600","422","-2181.2","1697.2"
"29.700","424","-2181.2","1697.2"
"29.800","425","-2210.3","1689.0"
"29.900","427","-2210.3","1689.0"
"30.000","428","-2238.8","1686.2"
"30.100","430","-2238.8","1686.2"
"30.200","431","-2266.4","1689.6"
"30.300","433","-2266.4","1689.6"
"30.400","434","-2292.5","1698.5"
"30.500","436","-2292.5","1698.5"
"30.600","437","-2316.8","1710.7"
"30.700","439","-2316.8","1710.7"
"30.800","440","-2339.0","1723.8"
"30.900","442","-2339.0","1723.8"
"31.000","443","-2359.6","1735.4"
"31.100","444","-2359.6","1735.4"
"31.200","445","-2379.2","1743.6"
"31.300","447","-2379.2","1743.6"
"31.400","448","-2398.7","1747.5"
"31.500","449","-2398.7","1747.5"
"31.600","450","-2417.8","1746.7"
"31.700","451","-2417.8","1746.7"
"31.800","453","-2435.5","1739.9"
"31.900","454","-2435.5","1739.9"
"32.000","455","-2450.9","1727.5"
"32.100","456","-2450.9","1727.5"
"32.200","457","-2463.5","1710.9"
"32.300","458","-2463.5","1710.9"
"32.400","459","-2472.8","1690.9"
"32.500","461","-2472.8","1690.9"
"32.600","462","-2479.5","1668.5"
"32.700","463","-2479.5","1668.5"
"32.800","464","-2485.3","1645.0"
"32.900","465","-2485.3","1645.0"
"33.000","466","-2492.7","1621.7"
"33.100","467","-2492.7","1621.7"
"33.200","468","-2503.1","1599.7"
"33.300","470","-2503.1","1599.7"
"33.400","471","-2516.1","1579.7"
"33.500","472","-2516.1","1579.7"
"33.600","473","-2531.5","1562.1"
"33.700","474","-2531.5","1562.1"
"33.800","475","-2549.0","1547.4"
"33.900","476","-2549.0","1547.4"
"34.000","477","-2568.4","1536.0"
"34.100","478","-2568.4","1536.0"
"34.200","479","-2589.2","1527.1"
"34.300","481","-2589.2","1527.1"
"34.400","482","-2611.0","1519.7"
"34.500","483","-2611.0","1519.7"
"34.600","484","-2633.6","1513.2"
"34.700","486","-2633.6","1513.2"
"34.800","487","-2657.1","1507.2"
"34.900","488","-2657.1","1507.2"
"35.000","489","-2681.0","1501.5"
"35.100","491","-2681.0","1501.5"
"35.200","492","-2704.0","1496.1"
"35.300","493","-2704.0","1496.1"
"35.400","495","-2725.4","1491.6"
"35.500","496","-2725.4","1491.6"
"35.600","497","-2745.4","1488.0"
"35.700","498","-2745.4","1488.0"
"35.800","499","-2764.2","1485.9"
"35.900","500","-2764.2","1485.9"
"36.000","501","-2782.1","1486.9"
"36.100","502","-2782.1","1486.9"
"36.200","503","-2799.1","1492.6"
"36.300","504","-2799.1","1492.6"
"36.400","505","-2814.3","1503.3"
"36.500","506","-2814.3","1503.3"
"36.600","507","-2826.9","1518.4"
"36.700","508","-2826.9","1518.4"
"36.800","508","-2836.3","1536.8"
"36.900","509","-2836.3","1536.8"
"37.000","510","-2842.2","1557.6"
"37.100","511","-2842.2","1557.6"
"37.200","512","-2844.5","1580.0"
"37.300","513","-2844.5","1580.0"
"37.400","514","-2843.7","1602.8"
"37.500","515","-2843.7","1602.8"
"37.600","515","-2840.1","1625.5"
"37.700","516","-2840.1","1625.5"
"37.800","517","-2836.1","1648.7"
"37.900","518","-2836.1","1648.7"
"38.000","519","-2834.1","1672.5"
"38.100","520","-2834.1","1672.5"
"38.200","521","-2834.3","1696.7"
"38.300","522","-2834.3","1696.7"
"38.400","523","-2834.3","1696.7"
"38.500","524","-2835.6","1720.7"
"38.600","525","-2836.1","1744.2"
"38.700","526","-2836.1","1744.2"
"38.800","527","-2833.0","1766.3"
"38.900","528","-2833.0","1766.3"
"39.000","529","-2826.2","1786.2"
"39.100","530","-2826.2","1786.2"
"39.200","531","-2816.3","1803.3"
"39.300","532","-2816.3","1803.3"
"39.400","533","-2803.5","1816.8"
"39.500","533","-2803.5","1816.8"
"39.600","534","-2788.7","1826.5"
"39.700","535","-2788.7","1826.5"
"39.800","536","-2772.6","1832.4"
"39.900","536","-2772.6","1832.4"
"40.000","537","-2755.5","1834.5"
"40.100","537","-2755.5","1834.5"
"40.200","538","-2737.6","1833.4"
"40.300","539","-2737.6","1833.4"
"40.400","540","-2737.6","1833.4"
"40.500","541","-2719.2","1830.2"
"40.600","542","-2700.1","1827.1"
"40.700","543","-2700.1","1827.1"
"40.800","545","-2680.3","1825.6"
"40.900","546","-2680.3","1825.6"
"41.000","547","-2659.7","1826.3"
"41.100","548","-2659.7","1826.3"
"41.200","549","-2638.6","1830.1"
"41.300","550","-2638.6","1830.1"
"41.400","552","-2617.4","1837.9"
"41.500","553","-2617.4","1837.9"
"41.600","554","-2596.9","1850.2"
"41.700","555","-2596.9","1850.2"
"41.800","557","-2577.6","1867.1"
"41.900","558","-2577.6","1867.1"
"42.000","559","-2559.6","1887.4"
"42.100","561","-2559.6","1887.4"
"42.200","562","-2541.2","1908.7"
"42.300","563","-2541.2","1908.7"
"42.400","565","-2521.1","1928.5"
"42.500","566","-2521.1","1928.5"
"42.600","568","-2499.0","1945.9"
"42.700","569","-2499.0","1945.9"
"42.800","570","-2475.0","1959.9"
"42.900","572","-2475.0","1959.9"
"43.000","573","-2449.4","1970.6"
"43.100","575","-2449.4","1970.6"
"43.200","576","-2449.4","1970.6"
"43.300","578","-2422.5","1978.6"
"43.400","580","-2394.7","1984.8"
"43.500","581","-2394.7","1984.8"
"43.600","583","-2366.1","1989.1"
"43.700","584","-2366.1","1989.1"
"43.800","586","-2336.7","1990.4"
"43.900","588","-2336.7","1990.4"
"44.000","590","-2306.9","1987.4"
"44.100","591","-2306.9","1987.4"
"44.200","593","-2277.9","1979.8"
"44.300","595","-2277.9","1979.8"
"44.400","596","-2250.9","1969.5"
"44.500","598","-2250.9","1969.5"
"44.600","600","-2225.4","1958.9"
"44.700","601","-2225.4","1958.9"
"44.800","603","-2201.1","1950.1"
"44.900","604","-2201.1","1950.1"
"45.000","606","-2177.3","1945.9"
"45.100","607","-2177.3","1945.9"
"45.200","608","-2154.2","1947.4"
"45.300","610","-2154.2","1947.4"
"45.400","611","-2132.5","1954.5"
"45.500","612","-2132.5","1954.5"
"45.600","613","-2112.6","1967.1"
"45.700","615","-2112.6","1967.1"
"45.800","616","-2095.0","1984.8"
"45.900","617","-2095.0","1984.8"
"46.000","619","-2080.0","2006.8"
"46.100","620","-2080.0","2006.8"
"46.200","621","-2067.3","2031.6"
"46.300","623","-2067.3","2031.6"
"46.400","624","-2055.2","2057.3"
"46.500","625","-2055.2","2057.3"
"46.600","627","-2041.7","2081.2"
"46.700","628","-2041.7","2081.2"
"46.800","629","-2025.9","2101.5"
"46.900","631","-2025.9","2101.5"
"47.000","632","-2007.8","2116.6"
"47.100","633","-2007.8","2116.6"
"47.200","634","-1988.2","2125.3"
"47.300","636","-1988.2","2125.3"
"47.400","637","-1968.1","2127.7"
"47.500","638","-1968.1","2127.7"
"47.600","639","-1947.9","2124.3"
"47.700","640","-1947.9","2124.3"
"47.800","641","-1928.4","2116.0"
"47.900","642","-1928.4","2116.0"
"48.000","644","-1928.4","2116.0"
"48.100","645","-1909.3","2104.4"
"48.200","646","-1890.3","2091.2"
"48.300","647","-1890.3","2091.2"
"48.400","648","-1870.4","2079.4"
"48.500","650","-1870.4","2079.4"
"48.600","651","-1849.3","2071.3"
"48.700","652","-1849.3","2071.3"
"48.800","653","-1827.5","2068.2"
"48.900","655","-1827.5","2068.2"
"49.000","656","-1805.7","2070.6"
"49.100","657","-1805.7","2070.6"
"49.200","658","-1784.4","2078.3"
"49.300","660","-1784.4","2078.3"
"49.400","661","-1764.3","2090.9"
"49.500","662","-1764.3","2090.9"
"49.600","663","-1745.9","2108.0"
"49.700","665","-1745.9","2108.0"
"49.800","666","-1729.0","2128.3"
"49.900","668","-1729.0","2128.3"
"50.000","669","-1729.0","2128.3"
"50.100","670","-1712.1","2149.2"
"50.200","672","-1693.8","2167.9"
"50.300","673","-1693.8","2167.9"
"50.400","674","-1673.8","2183.6"
"50.500","676","-1673.8","2183.6"
"50.600","677","-1652.2","2195.4"
"50.700","678","-1652.2","2195.4"
"50.800","680","-1629.5","2202.6"
"50.900","681","-1629.5","2202.6"
"51.000","682","-1629.5","2202.6"
"51.100","684","-1606.2","2205.0"
"51.200","685","-1582.9","2202.5"
"51.300","686","-1582.9","2202.5"
"51.400","688","-1559.7","2196.2"
"51.500","689","-1559.7","2196.2"
"51.600","690","-1536.1","2189.6"
"51.700","692","-1536.1","2189.6"
"51.800","693","-1511.6","2185.1"
"51.900","695","-1511.6","2185.1"
"52.000","696","-1511.6","2185.1"
"52.100","697","-1486.1","2183.8"
"52.200","699","-1460.0","2186.3"
"52.300","700","-1460.0","2186.3"
"52.400","702","-1433.6","2193.0"
"52.500","703","-1433.6","2193.0"
"52.600","705","-1407.5","2204.0"
"52.700","707","-1407.5","2204.0"
"52.800","708","-1381.8","2219.3"
"52.900","710","-1381.8","2219.3"
"53.000","711","-1357.0","2238.0"
"53.100","713","-1357.0","2238.0"
"53.200","715","-1332.6","2259.5"
"53.300","717","-1332.6","2259.5"
"53.400","718","-1307.8","2281.4"
"53.500","720","-1307.8","2281.4"
"53.600","722","-1281.4","2301.3"
"53.700","724","-1281.4","2301.3"
"53.800","725","-1253.5","2319.3"
"53.900","727","-1253.5","2319.3"
"54.000","729","-1253.5","2319.3"
"54.100","731","-1224.6","2335.7"
"54.200","732","-1194.8","2351.0"
"54.300","734","-1194.8","2351.0"
"54.400","736","-1164.3","2365.6"
"54.500","738","-1164.3","2365.6"
"54.600","740","-1133.2","2379.7"
"54.700","742","-1133.2","2379.7"
"54.800","744","-1101.5","2392.9"
"54.900","745","-1101.5","2392.9"
"55.000","747","-1069.3","2405.3"
"55.100","749","-1069.3","2405.3"
"55.200","751","-1036.7","2417.4"
"55.300","753","-1036.7","2417.4"
"55.400","755","-1004.2","2430.1"
"55.500","757","-1004.2","2430.1"
"55.600","759","-972.2","2443.8"
"55.700","761","-972.2","2443.8"
"55.800","763","-940.3","2458.0"
"55.900","765","-940.3","2458.0"
"56.000","767","-908.4","2472.5"
"56.100","769","-908.4","2472.5"
"56.200","771","-876.6","2487.9"
"56.300","772","-876.6","2487.9"
"56.400","774","-844.9","2504.0"
"56.500","776","-844.9","2504.0"
"56.600","778","-813.1","2520.8"
"56.700","780","-813.1","2520.8"
"56.800","782","-781.1","2537.5"
"56.900","784","-781.1","2537.5"
"57.000","786","-781.1","2537.5"
"57.100","788","-748.6","2553.1"
"57.200","790","-716.7","2567.2"
"57.300","792","-716.7","2567.2"
"57.400","794","-686.4","2579.2"
"57.500","795","-686.4","2579.2"
"57.600","797","-657.8","2588.8"
"57.700","799","-657.8","2588.8"
"57.800","800","-630.8","2596.7"
"57.900","802","-630.8","2596.7"
"58.000","804","-605.5","2604.2"
"58.100","805","-605.5","2604.2"
"58.200","806","-581.6","2610.5"
"58.300","808","-581.6","2610.5"
"58.400","809","-559.0","2615.0"
"58.500","810","-559.0","2615.0"
"58.600","812","-537.3","2616.1"
"58.700","813","-537.3","2616.1"
"58.800","814","-516.2","2613.3"
"58.900","815","-516.2","2613.3"
"59.000","816","-496.0","2606.4"
"59.100","817","-496.0","2606.4"
"59.200","819","-477.3","2595.3"
"59.300","820","-477.3","2595.3"
"59.400","821","-461.0","2580.2"
"59.500","822","-461.0","2580.2"
"59.600","823","-447.0","2561.9"
"59.700","824","-447.0","2561.9"
"59.800","825","-433.4","2543.6"
"59.900","826","-433.4","2543.6"
"60.000","827","-433.4","2543.6"
"60.100","828","-418.1","2528.5"
"60.200","830","-401.1","2517.2"
"60.300","831","-401.1","2517.2"
"60.400","832","-382.9","2510.1"
"60.500","833","-382.9","2510.1"
"60.600","834","-363.7","2507.9"
"60.700","835","-363.7","2507.9"
"60.800","836","-344.0","2510.3"
"60.900","837","-344.0","2510.3"
"61.000","838","-324.4","2517.0"
"61.100","840","-324.4","2517.0"
"61.200","841","-305.5","2528.3"
"61.300","842","-305.5","2528.3"
"61.400","843","-287.8","2543.9"
"61.500","844","-287.8","2543.9"
"61.600","845","-271.6","2563.3"
"61.700","847","-271.6","2563.3"
"61.800","848","-257.6","2586.3"
"61.900","849","-257.6","2586.3"
"62.000","851","-245.9","2612.2"
"62.100","852","-245.9","2612.2"
"62.200","853","-235.4","2639.4"
"62.300","855","-235.4","2639.4"
"62.400","856","-223.5","2666.1"
"62.500","858","-223.5","2666.1"
"62.600","859","-208.8","2690.3"
"62.700","860","-208.8","2690.3"
"62.800","862","-191.3","2711.1"
"62.900","863","-191.3","2711.1"
"63.000","864","-191.3","2711.1"
"63.100","866","-171.5","2727.9"
"63.200","867","-149.7","2740.5"
"63.300","868","-149.7","2740.5"
"63.400","869","-126.6","2748.8"
"63.500","871","-126.6","2748.8"
"63.600","872","-102.3","2753.4"
"63.700","874","-102.3","2753.4"
"63.800","875","-77.4","2756.4"
"63.900","877","-77.4","2756.4"
"64.000","878","-77.4","2756.4"
"64.100","879","-52.0","2760.9"
"64.200","881","-52.0","2760.9"
"64.300","882","-26.5","2768.3"
"64.400","884","-1.0","2778.9"
"64.500","885","-1.0","2778.9"
"64.600","887","24.3","2791.9"
"64.700","889","24.3","2791.9"
"64.800","890","49.2","2805.0"
"64.900","892","49.2","2805.0"
"65.000","893","73.3","2816.1"
"65.100","895","73.3","2816.1"
"65.200","896","73.3","2816.1"
"65.300","898","96.9","2824.2"
"65.400","899","96.9","2824.2"
"65.500","900","119.6","2828.6"
"65.600","902","141.3","2829.4"
"65.700","903","141.3","2829.4"
"65.800","904","161.9","2827.2"
"65.900","905","161.9","2827.2"
"66.000","907","181.5","2825.8"
"66.100","908","181.5","2825.8"
"66.200","909","200.2","2828.7"
"66.300","910","200.2","2828.7"
"66.400","911","217.7","2836.5"
"66.500","912","217.7","2836.5"
"66.600","913","233.0","2849.4"
"66.700","914","233.0","2849.4"
"66.800","915","246.7","2865.5"
"66.900","916","246.7","2865.5"
"67.000","917","260.6","2881.7"
"67.100","918","260.6","2881.7"
"67.200","919","276.4","2894.4"
"67.300","920","276.4","2894.4"
"67.400","921","276.4","2894.4"
"67.500","922","293.8","2902.7"
"67.600","923","312.3","2905.8"
"67.700","924","312.3","2905.8"
"67.800","925","331.1","2904.4"
"67.900","927","331.1","2904.4"
"68.000","928","331.1","2904.4"
"68.100","929","350.0","2902.4"
"68.200","930","350.0","2902.4"
"68.300","931","369.4","2904.1"
"68.400","932","369.4","2904.1"
"68.500","933","388.5","2911.1"
"68.600","934","406.7","2922.5"
"68.700","935","406.7","2922.5"
"68.800","937","406.7","2922.5"
"68.900","938","424.7","2935.8"
"69.000","939","424.7","2935.8"
"69.100","940","443.8","2947.2"
"69.200","941","443.8","2947.2"
"69.300","943","464.3","2954.6"
"69.400","944","464.3","2954.6"
"69.500","945","485.8","2957.0"
"69.600","946","485.8","2957.0"
"69.700","947","507.3","2953.8"
"69.800","948","528.4","2945.4"
"69.900","950","528.4","2945.4"
"70.000","951","528.4","2945.4"
"70.100","952","548.9","2933.3"
"70.200","953","548.9","2933.3"
"70.300","955","568.4","2920.2"
"70.400","956","587.5","2909.8"
"70.500","957","587.5","2909.8"
"70.600","958","587.5","2909.8"
"70.700","959","606.7","2904.1"
"70.800","960","606.7","2904.1"
"70.900","961","625.8","2903.7"
"71.000","963","625.8","2903.7"
"71.100","964","644.3","2908.6"
"71.200","965","644.3","2908.6"
"71.300","966","661.7","2918.3"
"71.400","967","661.7","2918.3"
"71.500","968","677.2","2932.5"
"71.600","969","677.2","2932.5"
"71.700","970","690.3","2950.9"
"71.800","972","690.3","2950.9"
"71.900","973","700.9","2972.3"
"72.000","974","700.9","2972.3"
"72.100","975","709.8","2995.5"
"72.200","977","718.5","3018.5"
"72.300","978","718.5","3018.5"
"72.400","979","718.5","3018.5"
"72.500","980","728.8","3038.7"
"72.600","981","728.8","3038.7"
"72.700","982","741.5","3054.7"
"72.800","983","756.1","3065.3"
"72.900","984","756.1","3065.3"
"73.000","985","756.1","3065.3"
"73.100","986","771.8","3069.9"
"73.200","987","771.8","3069.9"
"73.300","988","787.7","3069.5"
"73.400","988","787.7","3069.5"
"73.500","989","802.8","3064.7"
"73.600","990","802.8","3064.7"
"73.700","991","816.4","3054.4"
"73.800","992","816.4","3054.4"
"73.900","993","827.3","3039.8"
"74.000","993","836.6","3023.1"
"74.100","994","836.6","3023.1"
"74.200","995","836.6","3023.1"
"74.300","996","846.8","3007.6"
"74.400","997","846.8","3007.6"
"74.500","998","859.3","2995.3"
"74.600","999","873.2","2987.4"
"74.700","999","873.2","2987.4"
"74.800","1000","873.2","2987.4"
"74.900","1001","888.1","2984.4"
"75.000","1002","888.1","2984.4"
"75.100","1003","903.0","2986.3"
"75.200","1004","917.2","2993.2"
"75.300","1005","917.2","2993.2"
"75.400","1006","917.2","2993.2"
"75.500","1006","930.1","3004.4"
"75.600","1007","941.8","3018.6"
"75.700","1008","941.8","3018.6"
"75.800","1009","953.3","3033.7"
"75.900","1010","953.3","3033.7"
"76.000","1011","953.3","3033.7"
"76.100","1012","966.5","3046.0"
"76.200","1013","966.5","3046.0"
"76.300","1014","981.6","3053.5"
"76.400","1015","981.6","3053.5"
"76.500","1016","997.3","3055.9"
"76.600","1017","997.3","3055.9"
